,User
0,Mark Lyons
1,Andrew Mark Fahey
2,ea_cane9
3,Steven Blake
4,Olivia Charlotte
5,Devrim.
6,Finance Club âŒâ—¨-â—¨
7,Sunny ğŸ‡®ğŸ‡³
8,Stuart Bailey
9,TuVolqueta
10,Jeff
11,exoldier
12,Avinash K
13,1DollarGas
14,Abhishek Singh
15,jacks_silence
16,ZhiWu
17,Dami â€œMr.Damentionâ€ Adeoye
18,Hello Cardify
19,Zoho Sign
20,Bubba Larkin
21,Nick Orlando
22,tğŸŒ´'artistiK
23,James
24,Referral Partner.com
25,LukÃ¡Å¡ OndrejÄek
26,Textable
27,Kike Cardona
28,Jake Triton
29,Sales WhizzÂ®
30,Marcos
31,Jessica Nameh
32,Reading
33,Felipe Sardinha
34,Altois Digital
35,Yassine Ammar
36,Dione Munir
37,Reinhard Neudorfer
38,Merille Hommik
39,Vanessa C.
40,Referral Factory
41,Ilianatzanaki
42,EugÃ¨ne Kuisch
43,C M
44,Luke Gilliam
45,Zur | Cold Emails ğŸ“¨
46,Lead Nectar
47,Sales Innovation Expo
48,Michaela Lopez | Content Strategist
49,Daniel Tiganila
50,Roberto Castro
51,Pranav Bhadane
52,Philipp Humm
53,BurryGirl
54,Alejandro Ruiz ğŸŒ
55,Mendy Krauss ğŸ‘¨â€ğŸ’»
56,Grup Kafegama
57,LawClass
58,odouglasvieira
59,Mike Holloman
60,â–¶ï¸magiaenventas
61,Christian Thyes
62,Jennifer Vernon
63,Zowie
64,Elmer Cado
65,Chosen One
66,Travis Tomlinson
67,Grizzlead
68,Arunkumar
69,BlueDot
70,Crypto Legolas ğŸ”º
71,Sales Manager 101
72,CÃ©sar Herrera
73,Monti Pace | 2.0
74,Ramiro Libreros
75,Mobileforce Software
76,Cloe Mark
77,Ian B
78,Dan Luke
79,SMB Digital
80,Natalia Velez
81,Kishan Bhanabhagwanwala
82,Evan Roggio
83,Pennutpa
84,aHu
85,Ap Singh
86,Yannis Souris
87,Tata Hryhorieva
88,The Chief
89,Oscar Leo
90,Stephen Ying
91,Nick Pearce
92,David Sorbara
93,Guille
94,kilianbarrera
95,MX Fella
96,Willow & Puddifoot
97,Kainos Mbanda
98,Mike Nicholls
99,Ronie Melo
100,Pratik Verma
101,Ø¹Ø¨Ø¯Ø§Ù„Ø­Ù…ÛŒØ¯
102,Ahmet Urel
103,CX Scoop
104,Carlos Aguilar
105,OllyDaGooner
106,Father Of Creativity ğŸ‘½â„¢ï¸
107,babybratdarling
108,Mike Dyson
109,T|E
110,Dilabco
111,Kris Millar
112,Ag
113,The Problem-SolverğŸ’™ğŸš€
114,Herma
115,S HP
116,Melissa Oâ€™Kane
117,Channelnomics
118,CodingDrive.com - Domain Name for Sale
119,theskuare
120,Gamze Ã–zakÄ±n
121,Emre GÃ¶kÅŸin
122,Jake @ Copper CRM
123,brn Cifuentes
124,Mike Wawszczak
125,Mark Jackson
126,Private Investigator Switzerlandâ„¢ ğŸ‡¨ğŸ‡­
127,TaskReviewer for Teamwork
128,WithGodEarthandI
129,QUICKBLOCKÂ®
130,Rahul Deshmukh
131,wadim ğŸ˜·
132,pravin boppuri
133,Vishal Sahjani
134,luciano
135,Pawel Warszycki
136,Galactica
137,I am Max.
138,Carbon&Finch
139,UEAY
140,hans ğŸ—ï¸
141,Michael ğŸ« 
142,Konstantin Harten
143,nadim hallaq
144,James Bowles
145,GhostInTheSh | shail.eth
146,Sriram Vaidhya
147,Ricardo Dutra
148,socramXX
149,Cris
150,jamesvoodooFella
151,Blue
152,Ikpoma Joseph Agasi
153,Filip Wagmi
154,Arni Westh #CatFellas #NAFO ğŸ‡©ğŸ‡°ğŸ‡ªğŸ‡ºğŸ‡ºğŸ‡¦
155,FRANCISCO MURILO SOARES TEMOTEO
156,â‚³Dâ‚³TOSHI Nâ‚³Kâ‚³SCOOTER
157,Plasmid144 Digital Marketing
158,Ry
159,Amber Startup
160,Marimuthu R
161,Topias PulkkinenğŸ‡ºğŸ‡¦
162,Onur Coskun î¨€
163,Toby Kiernan
164,Databeys
165,Steve Rella
166,Richard Jones
167,Bogota Real Estate
168,Scott
169,hellochante
170,Bezerraxan Observando o Mundo dos Sapiens
171,Daniel Kursa
172,Jakub
173,yang
174,Richard Hayes
175,d
176,Laurent Sayada
177,ãƒã‚µãƒã‚¹ã‚± _1107ğŸŒŸğŸŒŸğŸŒŸğŸŒŸğŸŒŸ
178,Allen Wrestling
179,Spike_V
180,Aermensa
181,John Hopper
182,Ravi Soni
183,SebastiÃ¡n MozÃ³
184,Mario Rosales
185,NachoNacho
186,RaphaÃ«l - Baback
187,Mary O'Brien
188,angela
189,ChristianğŸ”º
190,Ali Naqi Ansari
191,Rifadh Simshek âš¡
192,Raunsky
193,Q3 ADVOCACY
194,Efinite
195,Patrizia Becker
196,Meher Sehgal
197,Victor Brazon
198,Twin
199,Dean Sale
